﻿{"cameraMode":{"drawMode":0,"name":"Shaded","section":"Shading Mode"},"sceneLighting":false,"audioPlay":false,"sceneViewState":{"showFog":true,"showMaterialUpdate":false,"showSkybox":false,"showFlares":true,"showImageEffects":true,"showParticleSystems":true},"in2DMode":false,"pivot":{"x":-1.2400000095367432,"y":1.3270000219345093,"z":90.20999908447266},"rotation":{"x":-0.11551516503095627,"y":-0.02473277412354946,"z":0.0028789674397557976,"w":-0.9929964542388916},"size":0.8163727521896362,"orthographic":false}