﻿{"cameraMode":{"drawMode":0,"name":"Shaded","section":"Shading Mode"},"sceneLighting":false,"audioPlay":false,"sceneViewState":{"showFog":true,"showMaterialUpdate":false,"showSkybox":false,"showFlares":true,"showImageEffects":true,"showParticleSystems":true},"in2DMode":false,"pivot":{"x":-0.1746000051498413,"y":-0.18950000405311585,"z":91.0},"rotation":{"x":-0.11026778072118759,"y":-0.39199456572532656,"z":0.047389764338731769,"w":-0.912107527256012},"size":1.2988338470458985,"orthographic":false}