﻿{"cameraMode":{"drawMode":0,"name":"Shaded","section":"Shading Mode"},"sceneLighting":true,"audioPlay":false,"sceneViewState":{"showFog":true,"showMaterialUpdate":false,"showSkybox":true,"showFlares":true,"showImageEffects":true,"showParticleSystems":true},"in2DMode":false,"pivot":{"x":-2.282776355743408,"y":-1.489017128944397,"z":90.3446044921875},"rotation":{"x":-0.2702192962169647,"y":0.4065808951854706,"z":-0.12724606692790986,"w":-0.8634133338928223},"size":2.7022697925567629,"orthographic":false}